비트코인 고가변동률,이더리움 고가변동률,비트코인캐시 고가변동률,이오스 고가변동률,트론 고가변동률,라이트코인 고가변동률
-3.0483858,-2.9037811,-5.355539228,-2.19535667,-2.583979328,-4.152263901
6.8821207,-0.9766546,9.163825947,-1.525157698,-0.508697079,4.56625953
-1.0444896,3.923502,-1.3321902,7.480026737,5.42340628,-0.849493085
2.8185663,1.5414316,1.911013532,1.34516129,-1.387506753,1.349083315
4.6439164,7.8254293,2.623290033,0.944317812,4.95986153,7.015739827
3.7205642,12.3826683,-2.315501056,-6.260492659,-3.562897516,6.829150402
0.9819991,-0.260862,6.812838843,6.695977854,0.112366025,1.228408333
-1.6397057,-1.831012,-0.660105331,-0.772362978,3.368377163,-0.983630625
-9.4046075,-2.1228599,-3.526680001,6.762351642,-23.63483363,-6.316404773
14.0724694,5.6461519,4.943543717,3.762574732,46.79821047,7.079476587
3.8266545,-0.9327339,-3.129455208,6.30208928,1.566632757,0.661932576
-1.1310025,-0.4085809,-2.426398486,-1.687369051,-1.519452329,-3.434355003
-5.5562728,-6.5600673,-5.70285788,-3.369486623,-8.146989356,-5.353368381
5.5078281,5.4849785,3.669438438,-0.23084692,6.358475793,3.497405693
-1.2158582,9.93591,1.056591872,-0.241085243,4.109775151,-0.585529067
-1.1229643,-0.0942766,-1.397249928,3.918782485,1.738138844,1.163528665
-4.9728724,-8.2557896,-9.81448834,-3.885135135,-5.270221611,-5.597827172
-2.18033,-1.3628996,-3.700273951,-1.431203061,-2.014305417,-3.786563847
-3.7984189,-2.1469021,-6.213360353,-3.487417943,-3.578276737,-5.974634452
1.0262629,14.0537967,7.441679627,3.171187696,0.294674152,7.202251833
1.7268412,-0.6863618,3.81223386,1.123635585,4.862737445,5.408716008
-2.9800932,-1.6972392,-3.819949921,-2.669860778,-1.726121979,-3.677289949
-4.490243,2.7696178,-3.887842098,-1.7900982,-0.382116928,-1.96824336
-0.8471001,0.7709463,-0.519644415,2.667506826,-0.14308881,-0.791141258
6.0630855,9.8584598,7.707837768,2.390766694,2.399713467,5.688624772
3.1856323,-1.2643688,-1.896301526,0.507961669,1.219431811,1.153161995
-4.2350041,-8.5985843,-15.3176791,-9.512322337,-7.465690759,-13.96732885
-7.6040075,-6.7271028,-4.244120406,-21.60490672,-10.62472743,-8.14505227
-0.00265935,3.5513732,6.928858056,4.746098455,3.372686033,3.903277074
-1.33153,2.4129087,29.51047103,14.96937802,13.63665471,-1.733856111
3.9186037,-1.2224027,-6.125191218,-5.740891158,-6.204576851,0.446307742
9.2219262,6.2794232,5.627006136,-0.084055535,7.868735625,6.718815395
7.3227429,7.0009544,7.7044284,16.9684025,-0.844789927,4.364864532
2.462821,-2.3060254,-8.28875852,-5.419098313,-3.13627878,-6.379841613
-3.3617314,14.8519073,6.873818634,9.732582688,7.086928997,5.612598693
4.5809199,28.1012626,19.34525447,6.665665816,7.515672577,16.8877892
12.1726392,5.1137577,2.385713883,-2.427948878,2.234023073,5.023185657
1.1205237,-0.8170779,-1.689142414,2.831858407,0.976295255,2.745895351
1.1025111,-0.2615208,-1.545801527,-0.580307001,-2.765192377,-1.997052543
5.7997788,2.3439718,-0.024530513,-4.350940018,-7.971805818,1.595789377
-0.1974866,-1.0817533,-2.624873932,-3.440525588,-0.415224913,-4.593688507
-3.2277515,4.5285551,2.880703383,0.833304278,-2.264236022,-1.576667049
5.7194513,9.6725734,11.02588977,6.399317406,8.498741963,3.168894217
8.2614644,2.9121313,1.454802694,-1.663505034,-2.904451683,5.140874112
4.1843784,3.0865804,8.735493796,1.914711678,6.259013556,14.42422408
-1.1635783,-3.6341697,-8.405575126,-7.694155599,-4.431121218,-4.128718365
1.0001931,0.1003969,0.538959039,-1.300680825,-1.853229625,2.283045224
-1.1472125,-1.6052603,-14.54813411,-9.924945082,-7.248831592,-3.374388392
-0.737205,-1.9923151,3.26946596,-1.555835886,-2.920219245,-3.744183969
0.7209494,-1.2695283,13.1283628,6.769714267,2.689180738,-0.71990584
3.5848716,0.7948695,0.693476982,-0.351516314,1.814708691,10.002217
-1.959727,-1.6901492,-2.531683766,-3.778980383,-3.270509978,2.627459546
10.2795315,5.8760851,5.464150463,4.484996466,3.348185869,17.84806461
10.0683667,6.9031945,5.08661628,7.316232244,6.52652992,9.852135493
1.0844339,0.9401261,6.712822526,1.352343013,0.927320011,2.304641828
-0.2942753,-0.5749542,-0.842209562,-1.29686476,-1.476636774,-1.686298675
2.4682883,3.7029934,4.775499611,4.08544247,3.114788292,8.80794275
3.5427022,2.3755979,1.071763163,1.35725202,2.046897726,3.317125158
-1.4203474,-2.6548058,-0.924482067,-2.327895653,-2.135120122,-3.292923307
-0.4619619,-0.4118075,-0.608878556,-0.744320587,-0.149062294,-0.641304626
-3.3734952,-2.831299,-4.889091675,-4.22972973,-4.776523404,-7.885862516
-0.7001431,-1.3729977,-2.01863888,-1.549923502,-2.185915857,-2.277990943
0.0386257,-0.6327237,-0.946963246,-0.945540803,-0.0613101,1.916505196
1.2747292,1.7042884,1.269447032,0.773572377,1.244731942,1.120993694
-1.8269797,-3.6926454,-5.591741028,-4.292841028,-3.484265624,-6.230095985
-0.3424063,-0.4002572,3.321107709,0.434019467,-0.682700739,-1.5878582
1.3503659,2.9387431,-0.228287508,1.618238423,1.957278329,0.746309851
-2.8239871,-4.9271623,-7.055042436,-7.651762451,-8.426654191,-2.478440155
0.3338174,3.1965842,-0.524567775,1.820454961,3.488864682,4.927755623
8.1526807,6.8427808,11.44280328,5.879314241,5.899317461,9.22203714
2.5841427,5.2158996,1.513448978,0.879392893,-0.070447341,8.230282311
2.4303307,3.3049905,2.038768856,1.360139976,3.66473029,1.869184306
-7.6454493,-8.0872669,-13.15887734,-14.09732857,-11.05435649,-11.64479061
-3.0369431,-4.7140994,-11.58977745,-9.038848475,-9.429068057,-8.311842888
0.3610313,-2.584848,-2.145472165,3.139466823,-4.37039689,-3.420895777
3.5176576,1.8629266,13.56771629,10.68052652,22.91444018,3.422388076
0.0282644,5.2293103,5.004654746,2.977833035,3.282147843,3.291717833
-1.1309712,5.0477243,1.39969402,1.439601341,0.410731167,-0.487672411
0.823986,7.6150938,18.23499981,15.10055233,15.47032032,3.345494516
3.550589,6.7651649,4.782836633,6.128583775,-1.738358546,2.803356334
-1.6251401,-2.9270362,-3.419668939,-2.495053858,-0.727005691,7.94824879
3.4782073,2.1564622,0.089661625,-0.745481654,1.426336958,0.129935942
5.7148104,3.9959654,1.923076923,5.696275512,2.99171525,3.146904695
4.4720605,0.6566868,-3.263250951,2.159657596,-0.332581521,15.77420206
-1.041756,-3.0188126,-0.298907837,-2.380404784,1.647561686,-2.83297651
-0.8856326,-0.0920926,0.038336209,-1.170587567,-0.011655917,-0.51298974
0.8040287,1.7484081,-1.316536148,5.486732737,1.394579263,9.75240353
2.4370217,-1.3674172,0.858516484,-1.344372166,-0.188738597,0.327024081
3.1593309,4.7642101,-1.629006831,0.344172798,-0.070726916,1.568502458
-2.2396268,-0.8898388,-2.727372303,-1.184472851,-0.895638629,-3.649646834
1.0946876,-0.3434111,-1.211902615,-0.191182208,-0.163284348,-0.198412698
-0.6734627,-1.6649568,0.166190975,-2.373062126,-4.201117318,-4.275721499
-1.2585239,2.2040674,6.740966411,3.16736747,2.122318576,1.731098509
1.3678613,9.0131924,3.052100306,2.332408413,4.632282713,6.68688934
10.542321,2.9517038,3.059469201,4.822324327,2.429479863,8.050993246
1.3149281,4.5951074,-5.565654612,-2.850239568,-0.288582693,1.525931646
1.6314252,-3.4798535,-4.68202765,-4.039768932,-5.569202426,-4.262958726
-0.4399006,1.6913319,0.351461339,0.208710719,-0.776906086,1.05294986
-1.2505865,0.8400802,1.777242262,-0.765924189,-2.284906222,-0.400361388
2.9082741,0.5178836,-1.702568658,-3.320865919,0.753627536,1.197540381
0.2045455,-0.3432232,-0.412827129,-1.131779471,-2.167852689,-1.344157337
-1.5283323,-3.619211,-3.338440161,-2.622485724,-0.0842954,-6.6487254
0.5035444,-0.4269855,4.751063671,1.969438469,0.534266765,2.478723584
4.1769655,-0.1364489,-1.839097304,-1.924266123,-1.233669348,-0.382605764
-0.8662226,-1.5968542,-1.02614308,0.409072647,0.940381295,-1.157850895
1.3964974,0.1897761,-0.662752584,2.531550762,-0.216259805,0.696191914
1.0441058,-0.6752404,0.648926914,-0.462220897,0.556558918,4.645038972
-1.2014654,-0.2404075,0.502805509,-0.751017388,-1.284383641,1.238736737
-0.2240133,4.935558,4.052773249,1.888499378,-1.029888369,2.346435782
9.8433837,5.319093,5.550220088,2.602877475,-4.019631563,13.48098914
1.7431682,-0.9974738,-0.99441385,-0.90828958,10.69324355,-0.01444699
2.7496546,1.4478586,0.859106529,2.325490196,0.434197887,1.21999624
0.9138187,2.3111856,-0.875351527,0.2122141,-0.103638876,0.47225254
-1.2086084,-2.544784,-5.236093386,-2.516952074,-2.074875959,-4.438694667
-0.4201572,-0.3072721,0.50929943,-0.624357559,-0.683167208,-0.691179986
0.4323715,-1.6377774,1.997075573,-0.93531963,-1.41689975,-1.535685567
-0.1470843,0.0129179,1.785994047,-0.506566604,-0.530804993,0.601791563
-1.3477411,-1.9058239,4.669372361,-0.630150267,-1.779807277,-1.617004756
2.4170848,4.5882259,0.176591376,-0.167510423,3.783864467,0.530804207
-0.3102397,-0.1851999,-1.096669374,-1.195336349,-2.293360557,1.37292528
3.3504458,2.6562373,2.561966257,2.352808312,3.713367366,4.862566124
1.410226,4.3178921,1.651492695,0.203696718,2.258226673,1.554764363
2.5140214,2.9969651,5.297186427,-2.332092989,0.79510465,1.150723464
-1.112932,-3.4432234,-2.605636861,-8.541680706,-3.476167187,-2.776223921
0.0991696,0.0112721,3.413122558,16.96224482,-0.720848584,2.573529412
0.9005639,0.2514337,-0.008981095,0.209312428,-2.21686571,0.057411384
0.9011304,0.8346627,0.650847458,1.20303757,-3.828457026,2.290325387
-0.6105281,-0.7267894,-3.079551428,-2.089692416,8.85490346,-2.093315445
-2.2980291,-4.1966947,-2.294127718,-2.540045767,-2.213332336,-3.131381892
0.6084239,2.2607636,1.142857143,0.83064144,0.688902274,3.774029199
-0.0985412,0.0776354,0.382409178,-0.069172239,0.412020412,1.868853174
-0.8057296,-1.895928,-1.938892913,-1.259770813,-2.491614758,-2.680390492
1.3649159,1.5552486,1.31243794,1.369336103,-1.56017561,1.250590915
0.0546635,1.7225391,3.364719532,-0.176624174,-3.558681503,-0.004297379
0.3467832,-0.5394075,2.831314244,1.754248877,4.295463669,-0.034367214
-0.2947774,1.4747589,-0.11916766,0.227121432,4.039943805,3.04103404
2.3957325,2.4642567,-0.849806862,-0.996355742,0.96994326,0.11522269
-0.3339419,-0.5979375,-0.036342161,-0.15096969,2.450903378,0.765847232
-3.7907747,-7.7662919,-3.797744952,-3.859322665,-7.310324742,-6.020228303
-0.8518625,-2.607748,-1.962296487,-0.577221934,-0.905516072,-1.794877079
-0.8544256,-0.4134474,-1.709761644,-1.177416996,-5.256861606,-0.943068852
1.3363917,-1.3309197,-0.565302961,-0.527406976,-1.881413911,-0.158966311
-0.086962,-0.4442075,-0.175563265,-0.872543717,4.978172088,-0.958782447
-0.4867803,5.6532933,1.661567228,0.905915739,-3.331858558,1.657980055
1.4773413,-2.3030367,-2.478242851,-1.133052768,-3.462890561,-3.074781225
1.7451114,-0.6041824,5.490950424,0.626176343,-3.128580522,1.334193236
1.5567696,-1.4171652,-2.435487311,-2.215615488,-4.148871263,-2.747941984
0.9812156,0.3581367,1.832949659,-0.063667233,-2.289257184,-0.56325401
0.7500865,3.6617612,0.818882466,0.308674827,-2.138210671,3.874886122
-0.7776495,-0.6659238,-0.812231247,-0.739566825,-2.566507503,-0.068785531
1.3245289,5.1879552,0.885149643,1.035439795,-1.629994129,1.257810099
-0.8730737,0.7422193,-0.92041853,-1.686140069,0.88852533,-1.058029471
0.3220875,-0.4589595,0.195754307,-2.70251872,8.989178554,0.407025256
0.6113546,-0.2122371,-1.406759307,-2.657212908,0.157034209,0
-2.0930607,-9.1418857,-0.541739538,-4.150655785,-11.20194674,-4.106086923
-0.5228844,-1.3664348,-1.969557581,-2.489703651,-17.87029552,-2.144603162
-7.240424,-14.3267581,-10.1922788,2.280429481,-7.292599146,-10.64163823
-4.2251517,-3.0272788,-9.493219129,-9.703712178,25.79546943,-7.231509625
-0.8168755,-1.49107,-0.331989566,-1.43203473,7.191982708,-1.719228914
2.4293805,11.2899182,4.967640993,7.709124032,20.06808453,0.935973742
0.4784607,2.1229544,0.618984579,0.678629291,5.411070845,1.262662405
1.1004768,5.9329766,2.538797373,2.170654007,11.69934122,8.068673953
0.3275847,1.9842068,0.357142857,1.028650764,4.248893302,0.006874742
-0.3566402,0.2925747,-1.896333755,0.705433746,-1.217867506,-1.769313884
0.4049039,0.985711,-0.710110103,-0.587566338,2.35933905,0.287833125
-1.9826802,-4.0120288,-4.349765017,-6.715780168,-6.026417171,-5.185256534
-0.4879658,-0.2803716,-1.156245762,-0.800958812,-0.938510067,-1.103402289
1.0183334,3.3277912,2.363680539,1.093412926,1.65874901,2.243324405
0.2432132,0.0226775,0.177329624,0.183556858,-0.902314633,1.831495777
-1.6872379,-5.2182843,-5.843836962,-6.744892325,-7.928481127,-5.282522585
-0.0303005,-0.0477418,3.119408528,4.772924501,-0.173079003,0.519349711
-1.1004562,-1.8117895,-4.080178751,-4.723845221,-4.127631624,-5.31531263
-2.9738156,-1.614205,-4.755883169,-4.985859432,-10.87318215,-1.822863329
-0.5038532,-2.5198939,-0.22157255,-2.384908361,3.603919941,-0.759324593
4.3749214,1.8965596,3.658925609,-0.533929979,9.873035915,6.700024786
-0.346874,-1.382426,1.861900894,2.267349645,12.18130312,6.533758025
1.0857167,-0.2343715,3.351580079,16.854035,-0.637241487,4.966566192
0.5317297,3.1162131,0.293027956,4.725236262,11.31952302,0.771594162
1.4432936,10.5649906,2.404028559,3.106955381,12.53244527,4.118652078
-2.735547,-2.2404742,-5.127617801,-7.476550405,-5.032324078,-7.793121941
-0.9077244,-0.2305476,-1.103524158,0.145918833,-1.348933242,0.468092271
2.105522,-0.2200385,0.051805083,6.691100156,5.744505361,1.232379361
-0.107577,0.7964312,-0.184215629,-0.168371973,0.267561782,0.232355504
-0.8091213,-0.3441001,-5.106265526,-4.687837546,-2.568963883,-4.039675383
0.0285753,-1.250062,2.145855523,2.143555149,2.731655062,0.597034618
1.0780274,-0.9190996,7.074095193,2.391711316,-0.902335456,1.460843373
3.1881695,1.2213627,-1.594269871,-0.083849329,0.309777348,0.320636573
-0.4650513,1.0761069,-0.502479556,-0.67905189,2.75028597,-0.721642612
-4.9746706,-4.1799171,-9.812807298,-10.47001807,-5.525536813,-7.828197487
1.8011935,5.7879043,5.108807322,5.004667409,2.430455289,4.630567208
3.6109071,12.317513,4.891748033,5.757778415,5.125221351,5.083858328
2.4219842,2.4127114,2.240251068,1.306620209,2.086669077,1.158400109
-1.5181052,4.9795341,1.919150674,2.469503124,-2.433985084,2.743741881
2.6289822,-0.4900009,-1.057167867,-1.680426445,2.241228296,-1.282362319
-2.8230844,-1.816159,8.026913984,5.233274046,1.48496732,3.731799389
12.6940694,4.4044704,7.063587867,4.552444301,-1.116798511,9.641688675
3.6724122,3.2310335,1.393714466,1.984025676,2.817500399,2.494798295
1.0710353,7.5119334,6.063651591,3.35871532,2.994962768,10.10698637
-0.210439,2.6759203,-1.379367308,-1.096115129,1.168780812,-1.500744895
1.2957965,4.9208017,1.224865181,0.92184972,0.484248024,1.228653804
1.0204839,8.0855207,3.085541909,1.095515235,1.434056007,2.293609202
2.2617808,2.8284177,1.602522002,0.685561088,0.882838754,2.983505444
-0.0693782,0.00417188,-0.144281217,0.065151573,-0.119467516,-0.191213506
0.2826456,1.2118397,1.096181047,3.580643881,0.756620429,0.084017924
0.1840578,0.9806848,0.457350917,-0.023812359,0.605501413,0.904295403
-0.4585764,-2.0628889,-1.314578678,-1.520362698,-1.533132701,-2.383853245
-0.4962137,-0.7830626,-1.062169427,-0.276727599,-0.844547041,-1.291127751
-0.0495968,-0.2974223,-0.628985008,-0.279839869,0.039427735,0.056760132
-0.5873778,-1.207966,-2.400874574,-2.733252684,-3.479395455,-3.380423814
-0.0878151,0.5127364,-0.526998202,-0.451603191,-0.669618749,0.740315131
0.4550589,0.8897534,-0.087755955,0.666767692,-1.771695311,1.074380165
-0.1536016,-0.2188545,-0.196021187,-0.381175227,0.969417814,0.392420675
-1.3217447,-2.2049025,-2.33003381,-2.791840927,-2.343218788,-2.771115859
-0.2516308,-0.4542531,-0.085470085,0.974254492,5.507422328,0.585539157
0.9294434,2.1895411,0.663716814,2.842013029,0,2.656520858
0.0875788,0.7407714,0.361842105,-0.368177332,-0.209262625,0.477289178
2.3323424,5.1523064,7.696395359,6.55611729,6.937165067,4.842764312
-0.3561199,-0.2604167,-0.326624294,-0.834235752,0.538780343,-0.014227449
0.6786983,0.9906198,1.328324165,1.609748146,0.231440271,1.185277604
-1.5043684,-1.6807447,-0.81181794,2.72533177,-2.245040028,-0.529832936
-0.3154268,-0.1849701,-0.529520784,-0.590952599,1.394035645,-0.152511677
0.9695863,1.7062607,0.345377258,0.590254521,2.51447178,-0.12138522
-0.3174741,-0.5482313,-0.572334243,-0.986487607,1.642559451,-0.539734394
0.4746612,0.9177132,0.798792935,0.550137534,2.204961163,0.547449599
-0.054404,-1.5391267,-2.648291355,-3.475742216,-0.137620418,-2.526564893
-1.1402141,-0.9421842,-0.949976465,-0.893070728,-0.280706132,-0.953650298
-0.3302135,-0.7607633,-0.468503769,-0.783227848,-0.39145023,1.244707087
-3.518009,-5.5932271,-4.385893468,-2.645665653,-4.299221026,-3.731410142
-0.4961093,1.8221187,0.618725671,0.057799014,0.316153663,0.364159511
-0.3722352,-0.6574942,0.110755599,-0.196131216,2.026656929,-0.331585787
3.6201547,6.5792889,4.175035255,1.896626043,2.603971525,1.852950573
0.1777636,0.0952546,-0.531327042,-0.117421425,-0.255372158,-0.070690717
-0.3130306,-0.4225231,-0.557950799,0.286544198,-0.421757737,0.405256892
-0.5949116,-1.1717585,-1.68308191,-1.05639273,-0.499876574,-1.207871522
-0.6622239,-0.7863031,-0.885575418,-0.444650659,-1.650886137,-1.107258696
-0.3497927,0.2542912,1.585840412,0.936658471,1.359581667,1.208937991
0.9209986,1.1185395,0.272719644,-0.361642557,0.444911327,0.22235836
0.1583164,-2.155317,-1.054466955,-1.361666219,-3.026126558,-2.316148765
-0.1075394,-0.0544822,-0.512142739,-0.305915644,-0.22122571,-0.143859416
-0.655669,-0.2591648,-0.52588332,-0.247940189,0.704479769,-0.335281791
-3.998914,-4.2198823,-5.596711011,-5.435919634,-6.243649091,-3.39250325
-0.2577501,0.1042042,-0.40174605,-0.248272884,0.305775764,-0.263543814
1.1534716,0.0240529,0.778603963,-0.721583196,-1.81252085,0.568558299
0.7049304,0.9469467,0.085719852,-0.564771072,-3.040431267,0.051324822
-0.0367655,0.8859312,0.308762605,-0.315133489,2.136328598,-0.468274409
0.6030966,0.2086487,-0.840987482,-0.643799472,6.191896159,-0.493497691
-1.1476625,-1.240404,-2.012683705,-0.785340314,-0.938314509,-1.539039039
-0.1855156,0.4423522,0.981708019,4.269025003,-0.386568198,-0.259999584
2.0398875,0.6741298,2.83134193,1.563539587,2.229562345,1.229654897
-5.2913111,-3.337151,-5.812657852,-6.474919625,-3.241639082,-4.880833166
-0.9173154,1.3610344,5.704526717,2.385587371,2.714109854,2.781037074
6.2523206,1.8261118,0.823338479,1.91177001,-0.848590526,1.650973007
-0.3525216,-0.4948286,-0.358917725,-0.129687669,4.831830368,-0.460311179
1.3900901,9.8120435,3.969490691,4.098852471,7.002216717,6.061811032
-0.1487909,1.9016929,1.216120865,1.899193702,1.167469164,0.889275207
4.3415953,5.8362955,2.755149913,1.583789449,1.43172543,1.993589598
2.4047762,1.6007809,1.379280526,1.569214998,1.294388723,2.166844721
0.3917629,-0.3016738,-0.763751824,-0.408371618,0,-0.473846012
-3.578347,-2.3193916,-1.84467655,-2.222990094,-3.549251585,-2.851817753
-0.1203887,-0.2985358,-1.000667111,-0.565014889,-2.323948158,-0.451548005
0.5370941,0.9519709,1.390826464,-0.380314901,3.907390208,0.206079341
-3.2779003,-1.2004915,-2.598204727,0.608379568,0.099608208,0.105390618
-2.6675348,-1.7186919,-1.898529649,-2.28080015,-2.882755063,-3.327480436
-0.5524135,-0.2178447,-1.323341837,0.243628186,-0.51328115,0.80194039
-0.4662545,-0.5760369,-1.503670841,-2.691662412,0.115621788,-1.589144786
0.6507196,3.4367701,3.751527495,2.581562406,2.677746999,4.583380187
2.9961374,3.2837731,1.973001038,-0.216531024,0.443855581,1.372455144
-2.4502016,-0.4411332,-1.060288497,0.775018811,-1.54578659,-0.650056625
-0.6867257,-0.8745506,-0.883910387,0.335963157,-0.097738972,-0.464424204
5.3587793,2.4897919,1.446280992,3.658632024,0.3859236,1.4199154
4.6862625,4.5719642,1.331546772,3.763855617,2.022022022,2.201294604
-1.8084034,-0.6312739,0.479636486,-1.092325609,3.637872605,-0.130691498
-4.5958994,-8.0546173,-10.48171444,-9.598838265,-10.25386382,-8.868755184
-3.4418041,-2.009324,-4.168772107,-2.681599774,-2.875572703,-4.2148794
-1.0750434,-0.8963223,4.487856389,0.379472994,0.45418761,1.425678747
-0.1475132,1.1401869,3.436707626,1.118881119,1.969865382,0.494186047
7.0335086,1.6047859,1.220090026,-1.046841732,-0.258684405,1.334006649
3.2493639,-0.3359674,0.51196571,-0.226596799,-2.439610624,-0.439919558
1.4890168,0.3323363,-0.182228737,-0.699644904,1.574707031,-0.878340497
-2.4471368,-3.7075981,-5.647753607,-5.445297696,-1.104605541,-3.545033948
2.0442456,1.6686033,2.43902439,2.111409077,1.098431684,0.807607664
-0.5984315,-0.8479653,0.426824579,0.611338798,0.214041096,2.712511147
-4.2087417,-4.4307421,-5.570079884,-5.966985677,-2.025164769,-5.076771654
5.8193642,3.9987175,4.910289132,0.806112208,1.22513343,1.91798411
14.7797326,10.5361754,8.122245562,11.29967931,7.413680782,8.309430682
0.020596,-0.6488934,-2.112647664,-1.287568913,5.072215757,1.836689533
1.1602469,-0.2508781,-0.293455539,1.147647143,2.332586159,-0.396737933
-0.0676678,0.9880922,1.460151725,-0.26193979,0.056069526,-0.456360525
1.3331575,4.2359901,1.44399851,1.845490425,-0.32832693,1.464826358
-0.9392063,-1.5956341,-1.600032571,-0.280602019,3.074596774,2.379432947
7.2575448,4.7302814,4.341546304,3.617414945,5.869797225,3.816577148
3.152053,5.2900046,5.494308506,3.211348844,3.023639362,2.38129845
-3.9986126,-6.314433,-6.208230003,-4.860956618,-3.288774115,-4.451079786
-0.4213871,-1.0572172,-2.878020901,-1.421835593,-1.694915254,-2.399186716
-0.2947902,-0.5232005,-1.006263892,-1.045283565,-0.968648329,-0.304054054
1.6324131,8.4231034,4.599061589,3.399528778,3.323401329,3.296652165
-0.2360434,0.1377094,-1.144958422,-1.597173665,-0.82588271,-1.299685412
3.322029,8.2081212,6.270260669,8.779023219,4.754345583,4.434052758
-0.5924715,-0.3156527,-1.43132277,-0.187797179,-1.454829879,-0.301248028
0.7297372,1.7123072,-2.040991339,0.228273929,0.740682373,-0.485367595
-3.3315639,-3.5811836,-4.539314805,-3.639100066,-3.826917248,-3.510181593
3.2807225,2.0945653,1.884982693,1.795254557,3.021313139,0.980619436
-4.9764203,-5.1322751,-7.352600263,-7.321513088,-5.118518519,-7.132553984
-0.9061146,-1.7898383,-5.550487173,-0.496304883,-2.223509814,-0.87919592
-0.4732224,-0.5911726,-2.100675217,-1.11763863,0.254138832,-0.823280423
-0.5940621,-0.881784,5.622429342,-1.126301622,-1.978647687,-0.745719987
1.4355828,2.6512497,2.43911867,2.104730218,1.782092147,5.755987026
6.4679072,17.8851714,7.922072504,15.57784744,8.147916014,9.82238704
-0.9944529,-0.3088326,-0.753529582,-0.341567043,4.794745484,-0.206948604
-0.9635228,-0.5120852,-0.091003102,0.717402249,0.131535679,-0.400116397
-2.1774542,-1.6452891,-2.331124758,-3.945194439,-2.218649518,-3.45102079
7.827301,9.0436438,10.25880886,8.537812186,7.08444521,8.326358771
2.2754142,1.0507622,0.339695168,1.298183429,-1.190779961,-0.336181184
-0.9640386,0.3117577,-1.078834505,-0.85657808,-0.347516528,-0.10857215
5.0760529,2.2620313,4.259438529,2.795087149,3.156422139,1.288969592
-1.8119637,-0.7084715,0.175479104,-0.961495461,-0.279012992,-0.736208779
-6.4487723,-5.894035,-7.080025746,-5.490278952,-5.002899031,-4.23038584
0.6024007,1.2713691,2.152187253,0.973028337,0.6754503,1.69864504
-2.2697758,-1.8748238,-0.687793836,-1.013856032,1.868841318,-1.226004982
1.7023275,-0.7137859,0.004353315,-0.193945527,1.003861004,-0.014651299
3.8006306,4.3598919,1.354571126,1.745956844,2.013129103,2.972089515
2.6632679,0.0511472,-2.64186606,-1.897988385,-1.568019299,0.274829177
-0.681857,-0.3422413,1.841805932,1.153633306,0.051719679,-0.226409399
-6.1212289,-9.5620678,-6.388729626,-6.047274327,-8.86165449,-8.588971163
7.5021553,7.6568593,6.229879057,4.680761985,4.929519413,7.198146231
18.7303419,19.6251378,23.67373292,19.11530022,18.7567303,16.61587995
-1.0988809,-2.2305141,-1.00665779,-0.963105645,-1.084535683,-2.775371028
1.1826495,-3.0390738,2.043589326,-1.392879755,0.174604714,-1.681734495
-8.4252895,-5.8654356,-2.917897847,-3.81318218,-6.290337242,-5.546615449
4.0533106,-1.8204785,5.037964862,0.385610158,4.532497149,2.367351277
-5.0452454,-3.0822411,-4.428200646,-5.736069861,-3.165255797,-5.522504205
-25.477515,-28.9355169,-29.49019608,-26.7493587,-27.25568942,-18.27301822
-0.1679935,-3.7248719,-2.593859139,-1.174469724,-2.180318209,-3.888319268
-2.0747652,-1.2936485,-1.019048648,-1.148295004,-0.605232331,-1.257739185
-0.1630142,-1.2534217,-0.846186804,-0.297289604,0.628683694,-1.612903226
-8.2043204,-12.2503161,-15.32996765,-13.20138355,-10.18175401,-13.6495964
-3.1892646,-5.6648778,-5.757834758,-5.105762217,-7.336349267,-5.26068356
0.1702091,2.6818516,-0.366175594,-0.306445749,-0.010899777,0.045465948
0.1956862,4.7102069,2.687498178,0.357059084,0.147363825,0.943217067
3.4727328,2.3178518,3.34678877,4.510663798,2.944151028,2.350292369
-0.8011939,-1.5965916,-2.154626109,-1.266673838,1.165236173,-0.967276227
-0.5590395,-0.7983265,-0.960415694,-1.153703015,-1.151814811,0.112413682
2.5706176,2.9897995,5.738185634,3.111038018,4.258684318,3.409336234
-0.6425054,-2.3317731,0.511913626,-0.278802788,-1.913353252,-2.216556786
-1.1799476,-0.7162652,-2.086940673,-0.589641867,0.178437806,-2.71713374
-0.7760668,-1.4785567,-1.669753271,-1.411771009,-1.025465732,-2.582333026
-4.2676743,-4.7910418,-7.32733564,-9.225980595,-8.4732506,-9.900166389
-3.1450637,-6.0562798,-4.798924788,-2.844520046,-3.850396069,-5.066540299
-3.0928765,-3.8437918,-6.926661761,-3.736638617,-7.819576671,-4.65498632
0.1545316,0.5484926,0.953324254,-0.013643806,-0.299497765,-0.302802803
2.6693453,3.2207266,6.21761658,5.869324474,6.837648912,4.277028261
-0.4165341,-0.4070202,-1.929376564,-0.757376658,-1.109921137,1.970436796
0.6786209,1.3549315,0.054196346,2.711656442,0.107212476,3.901076874
-5.370984,-7.5345582,-8.440453686,-11.4553909,-9.73871734,-8.479143736
0.00782006,0.0560244,-0.750469043,-1.023699944,-0.729225798,0.164742558
2.799578,6.3848016,2.281177289,5.514205319,1.795794995,4.641232711
-1.0431168,-1.9575618,-8.902388392,-9.427602507,-9.161754018,-6.531897225
-3.0222377,-4.9039697,-7.484079652,-9.759445073,-6.698312236,-3.212610516
-0.0250665,0.5552839,-0.614815857,-0.926113081,-1.283052549,-0.310934118
-1.0512659,3.2265042,2.783801086,-1.014932974,4.140201394,-0.555383774
0.4503814,0.9094547,0.569066855,0.732882611,6.562113083,1.625554441
1.177999,15.2047274,2.750746906,2.733073578,5.646391977,6.968235705
1.3003722,4.0692603,1.461513478,5.588790619,2.49821237,-0.096866686
0.2421951,-0.477472,0.421821661,-0.210229865,-1.600703606,-1.207063747
2.2746496,1.2436827,1.411214747,4.311397066,1.431821223,0.787037037
0.5945809,1.3450318,-1.221902771,2.932282794,-5.365132967,3.102625298
0.1785914,3.8817433,2.3793065,0.565358917,0.98900162,0.550615276
1.3169799,4.1588357,0.691559827,1.862920466,12.65427652,2.214439508
4.0577695,8.3716315,14.43804923,7.375916427,1.043284161,4.158859933
-2.455441,-1.7648266,-0.752301533,-2.203642194,4.72609005,-3.328850956
1.2403068,0.8641656,1.017569169,0.966764577,-0.731473541,-0.635362129
0.0697763,4.9302275,-0.269763379,1.450057486,3.622582331,0.866408119
-0.6950131,-0.807885,-4.616854951,-2.353022041,-3.383838384,4.231530059
-0.4598182,-0.5836368,-1.253478524,-0.664572807,-0.161355385,-0.540340172
1.48801,4.6802309,4.472140762,6.772617919,0.222356984,12.4288714
0.4174876,1.3347722,2.860411899,-0.244836614,4.334071496,1.358223262
4.5240507,2.3783218,1.875596058,1.691071341,9.782357027,3.367144728
4.3599991,2.3630952,8.269037717,10.74529075,2.267211271,5.587374767
1.8963966,3.2448378,9.332371664,0.709336853,3.037511436,3.672996673
-0.8730345,-0.9435685,-2.685464921,-1.74509698,-1.519702066,-1.746622354
-1.9027776,-2.3655275,-6.293966257,1.299838546,-4.595988539,-5.138529548
-1.3412224,-1.7632977,-1.186775925,-2.226086957,-0.564134709,-1.372201098
0.4002144,0.871665,1.710015807,1.438458407,1.146974063,1.878314166
0.3455338,0.3249823,-1.327170122,-0.383918674,3.421554602,-0.238737269
-4.8302972,-4.7983349,-3.518564119,-6.000304971,-7.488695269,-6.56513785
2.2421874,-0.8477885,-9.48288672,-1.691442848,-0.115670614,-0.123415236
-0.2531899,3.0639227,5.502717391,-1.573834993,0.088207729,-1.262878033
1.7525424,4.055509,11.67785235,3.105983773,4.1692988,8.083745275
-0.606469,0.4385701,-5.134948097,0.060888979,-4.134551861,-0.123003331
0.0595593,-1.932481,-1.57212141,-2.483918852,6.129126497,-3.584193968
8.5644223,15.5647852,35.00331053,25.86802852,13.67561105,17.90146233
0.0830291,0.2799399,0.59946714,-0.464928866,-0.006641429,-0.093129741
-0.8834671,-0.8261105,-3.122423373,3.215176915,0.039864461,-0.61320118
0.9221487,1.9467072,1.832584967,4.266319757,1.737190753,4.508081093
1.5063415,2.3022599,12.46458924,7.144388849,4.884792627,8.373372936
-4.3916837,-4.0325313,-3.890620684,-5.524041059,-3.535768021,-5.486521075
3.1092642,1.6674705,2.853084416,2.68714677,-1.135902637,3.841042569
5.1252072,0.5961045,0.117833489,0.948547427,0.72873391,1.913582944
3.7608319,4.2940794,8.337368491,2.958665177,5.892110198,5.338487735
0.9134816,2.0358486,0.088117372,4.276427041,2.802491103,1.31723125
0.4079482,0.5264719,0.853143746,0.188245924,-0.317788781,1.351574868
2.6811474,3.1276287,9.582704387,1.777982144,2.182449781,1.294877932
-0.6860071,-1.6545085,-1.642720307,-1.08028201,-1.252796421,-0.844883235
-0.9766744,-0.4193814,-2.361468319,-0.403941259,-0.629862912,-2.082171407
-1.2114434,-1.9315511,-0.511746918,-2.592483636,-3.233902194,-2.598460842
-1.3033821,-1.1470887,-0.30148423,0.202660378,0.693140794,1.10302531
1.9387465,6.1743621,2.960840497,1.754714859,0.851962426,-0.173619043
1.1256135,2.1174433,2.853774743,3.008651321,2.515676321,6.651398499
-1.6252377,-3.8449894,4.732753742,-1.626139818,-3.138105568,-1.544809058
-1.6983984,3.0818444,2.960805085,3.32508931,1.833443782,3.060568603
1.4690846,-1.2329506,-1.456234668,-0.852405418,-1.629726206,-1.662857976
-3.263925,-3.8170768,-3.208042841,-1.142791181,-9.397558735,-3.429980045
2.438309,1.4131088,0.304043782,2.017664377,1.987818754,1.132532409
4.2166833,3.2999456,4.767466553,2.407943399,10.58396862,4.985293385
-0.2881525,-0.6709857,-1.118168933,-2.132347156,-0.029596744,-0.651296402
-1.8438945,-3.1665422,-0.141539107,1.790076489,0.125944584,-1.663257354
-0.4561636,-0.0223998,-0.266638783,-0.303429552,-0.596509316,-0.931242461
6.39735,0.7295427,-3.012017646,5.647882571,1.366079427,3.273868846
-2.9301981,-6.8581436,-5.59145962,-7.614371444,-3.936894944,-7.940731226
-0.316341,-0.7784806,-0.816675372,-0.949513664,-1.497492407,-0.913636364
-1.2604233,-0.8955018,-1.717298987,-1.471762693,-3.615196078,-1.508707526
-0.2826564,-0.1787802,0.093418656,-0.435441121,3.312935218,0.262585003
0.2145097,-0.267453,2.293468393,1.01744186,0.183214714,0.525674578
-0.1647356,-0.5117009,-0.166952872,-0.240393788,-0.6232493,-1.379494482
-1.5661527,-1.2863685,-0.337532684,-1.625375375,-0.902151284,0.769041053
-2.9596119,-2.15486,-2.407905725,-3.070877602,-1.765628196,-2.558332605
0.6546645,-0.3087636,-0.069544253,-0.639890098,-0.636726953,-0.842702714
-0.2540911,1.6426282,-0.24512071,0.603746136,-0.54567502,-0.229104978
0.5773229,0.2678093,-6.475193564,0.313765551,0.787615426,1.656669523
1.0138705,0.1878186,7.440282554,1.413401413,0.381679389,0.652395064
-2.9329283,-1.2845981,-2.168674699,-1.816398445,-3.410138249,-3.320433602
4.2330906,0.7875067,1.024251332,0.533216464,-2.258541921,1.233739529
-0.5972719,-1.1805052,-2.647111429,-1.927003116,-3.002122082,-3.156769447
-1.4934075,-0.4595287,1.825797933,-1.980128498,-0.527720867,-1.543700341
-3.0971917,-1.8429022,-7.570911539,1.190137843,-0.432713111,-0.723242091
-0.4804928,-1.3225663,4.443760714,-0.339895199,-0.924791769,-0.905510212
2.4320963,1.6744246,1.93557059,4.875422376,0.523302346,2.582580081
0.0340452,-0.4825323,-1.098949794,-1.679383739,-0.630123578,-1.305268351
4.1940105,3.7514185,4.602762585,4.077057527,6.060212821,2.494469609
-0.3168861,-0.9586143,-0.268121302,0.750325396,4.836405687,-0.03369769
0.1184624,-1.2920908,0.10180472,-3.151416284,-2.970100983,-1.716000828
0.0217909,-0.6547812,-0.721275325,-0.640978413,0.691167675,-0.424602193
-4.6540015,-5.4029192,-5.146417988,-4.583479789,-3.470618424,-5.744759388
-5.2733222,-7.3048718,-7.348191214,-8.776092603,-6.327744727,-6.965857538
-1.1358385,-0.8510878,-0.45416181,-0.996793753,-2.615870787,-1.449920735
-0.2740856,-0.7162843,-5.64656807,-1.41766289,-0.726195317,-0.475101491
-3.1786104,-3.0543048,-1.368940754,-6.025938888,-8.216913725,-4.899266627
-1.3369325,-0.8818627,-1.233838197,-1.062034451,-0.997730032,-1.019590829
1.1590568,1.3681456,0.740575341,1.088299312,0.814262906,1.645294796
-2.6136182,-1.4185922,-3.949814126,-2.595691038,-4.303539598,-2.969058591
-0.431828,-1.4874808,-2.475074949,0.304615208,-2.763333829,-0.647524364
-0.3386299,-0.2850356,-1.034982405,-0.480466739,0.064420218,-1.339012035
-0.1300728,1.0723431,-0.736276155,-0.709904589,2.042880259,-0.502415769
-2.4838966,-1.4355577,-1.881657202,-2.028098484,2.169869808,-3.133065895
-0.2914362,-0.5803011,-0.448235491,-1.157674751,-2.099033939,-1.63648599
2.4263588,2.9882087,4.931554932,3.944434917,3.48599843,4.844218527
-4.0768034,-1.3910273,-3.456455439,-1.342281879,-3.216818642,-0.203232517
-1.1978221,-2.0387996,-3.976311337,-2.33813445,-2.112466528,-2.914582233
-0.6111665,-0.9479161,-0.204578665,-1.108448173,-2.348554549,0.158720279
-0.2972696,1.3893967,3.651969034,-0.277023357,3.280820205,0.280881343
-0.5020841,1.6890636,0.664091618,5.531670966,-0.458007667,2.655944638
1.5097606,2.0378299,-2.786561265,4.454823064,0.079717005,6.14680927
0.0256501,-0.3618101,2.685517148,-1.119005329,-0.485894194,-0.655416477
0.9309199,0.4883872,4.219394409,-0.103504362,0.608569861,0.6905584
-1.1568521,-0.5021327,-3.217112445,1.941454885,-2.109478002,-1.189895968
-0.344267,-3.3249817,-3.898232845,-2.991752939,-10.3802897,-2.322870839
-1.2590098,-0.3640524,2.696969697,-1.010334945,1.808866117,0.473370829
-3.4012709,1.7839183,7.980367206,-2.324331967,1.869922389,-2.719658559
0.9587443,0.3079701,2.661242162,1.825458524,11.21599112,-0.195368799
-7.2751423,-2.1865586,-0.516133823,-0.031661965,9.067386038,5.158041864
21.1814618,3.382732,-0.155711267,4.94170241,2.964684542,1.573644869
15.9461441,13.7829912,23.99099016,19.16348715,14.98500847,16.4091434
-6.8715084,-4.6209428,-4.453619115,-4.453691921,1.193852648,-6.063893461
-2.8241908,-1.9819511,-2.659256092,-3.632386571,-3.075054341,-3.118601069
-0.3150818,-1.4577588,-0.8646266,1.777642852,-0.191424196,-0.751757999
0.3233396,0.8514503,4.153975191,1.042944785,0.849420849,0.295820632
2.8324359,0.7779875,5.064700153,0.558659218,-1.182754674,2.505362029
-0.6924252,-1.4988449,-2.128915116,-1.13178137,1.099324976,-1.656514229
-0.0221724,-0.482252,-0.276130551,-0.310779313,0.934397508,-0.188751157
-0.8270318,-1.5186658,-1.939808239,-0.81085609,-2.566858443,-0.275108143
-2.5511297,-3.5114829,-1.516939891,-5.816081798,-5.823161655,-3.596105528
0.3092796,0.3636558,-0.530503979,-0.583547719,0.641179291,0.431079802
-0.8982036,1.3935582,0.757974062,1.77858671,2.386649488,-0.854789951
0.6599323,-0.0379424,0.131613583,-0.226201096,1.204594846,1.997129237
-4.0714882,-5.809976,-2.731074507,-1.379332014,-3.273273273,-3.076156779
1.303467,0.9223001,-2.240206917,-1.895690771,-1.978099611,-1.847668499
-0.201019,-0.5126102,-0.345056955,-1.7206907,-2.642288072,-0.869013002
3.9985102,5.6943165,0.606466184,1.788467468,1.797071008,2.451802897
0.356906,1.3953744,0.669473684,-0.009249838,4.182116589,-0.378658661
1.8169541,2.917397,6.416345551,8.29409997,7.13076322,3.078573061
-0.4838059,0.1358773,-0.125302067,-1.210581871,1.938396176,-0.559469902
-0.5890497,-1.008799,-0.873885463,-1.536262951,2.080368639,-0.355394505
-1.8840044,-1.185136,0.111022293,2.221115538,2.301559792,0.7883832
0.2113685,-0.1493033,-0.066569032,-0.734930627,0.020801553,0.646803096
-1.3221465,-2.2222222,-4.192355117,-1.967562678,-2.665856786,-1.342492503
2.0159885,2.4540217,2.207639824,2.544394381,-1.134316408,2.224281742
1.1146497,3.4913719,1.245160155,5.97942488,10.07712082,0.861061676
-0.848479,-0.4110762,-1.070775659,-0.801086692,-0.93138325,-0.767049002
0.4819919,-0.284657,3.031662032,-0.609270606,-0.944212195,-0.613420796
-2.4305515,3.4391379,-2.021267247,0.228999688,2.603165212,-1.841184762
-3.0550528,-2.5536555,-10.46150214,-10.3963936,-4.038038464,-1.00437584
-10.864016,-14.1449475,-13.91654813,-13.52797269,-13.27548006,-14.04158275
-2.5376164,-4.1509256,-4.089654052,-3.622230859,-4.681450194,-8.843261923
-0.2600496,-1.7992951,-1.434380303,-3.642582514,-5.984225911,1.21188108
-1.0110141,-2.5003391,-1.835496747,-1.541260048,-2.184937419,-3.081343768
-0.9883749,-0.0451937,-2.038240094,0.88282703,5.186698445,-1.848169377
-0.1757691,-0.9312738,0.206713563,-1.265853778,-1.558572147,-1.074867892
0.3909335,2.9784683,-2.408767915,-1.916426513,-3.2744367,-2.700910729
-0.1567124,1.1377944,1.584388573,-1.392441034,6.601002246,3.534653594
-0.8387626,7.8613822,5.829799631,1.854844545,10.10972284,5.157995097
0.000965214,4.5155864,0.64177743,0.101407635,-0.942388641,3.168692475
-0.585334,0.8963615,0.019550342,1.093509727,0.031422826,0.147762454
-0.1915452,3.8616207,2.116190856,9.320631871,2.268783341,2.144664213
-0.0622135,-0.4606021,-0.42079454,-0.607346506,4.12929996,-0.573110949
1.8562028,0.0548637,-1.690553746,-0.922324995,-4.815900115,-2.065924837
-1.1782501,-1.0262815,-1.254422644,-2.804311181,-2.666170635,-1.808661233
-0.9372018,-0.3247456,-0.394066575,-0.788040035,0.404656664,2.225437993
-0.9453583,0.7305637,0.641645708,4.079856533,-0.427721299,-0.218692611
0.2046152,1.5445939,1.675245058,3.637904174,2.849856551,1.349757754
-3.1185184,1.5973902,1.271580345,9.36836756,3.943008615,3.604969529
2.4974837,1.270221,1.804907727,0.540979172,-3.057946807,0.855132278
-1.4178938,-2.4991669,-1.821801891,-0.952579406,-2.217475972,-2.704030045
0.2491447,-1.3856181,-1.532479414,-2.781154136,-1.540079169,-2.253409765
3.1184393,1.12428,3.742372881,2.473309609,0.080470443,4.580355561
6.4493086,4.237386,4.22923365,0.997394195,3.101665709,0.972089695
1.2606562,-0.693688,-0.474716928,-1.875091844,0.044694164,2.935895272
0.0186033,2.4431785,0.147908156,3.633650097,-0.640740976,-0.27090731
-0.5488689,-1.6064721,-2.813334246,0.649908032,-1.425802014,-2.374299589
-5.2787865,-7.5241811,-5.705802621,-8.241912799,-9.430222021,-8.235181199
-1.1196041,-0.784688,-1.019006548,-0.988720234,-0.372418463,-0.982961102
-1.7089003,-2.3201616,-0.578016324,-2.6780148,-1.462329719,-1.860068487
2.5342001,0.8355528,0.913402987,0.048813559,-1.511417776,0.353002527
-1.045517,-1.0234145,-1.303220092,0.154815579,0.484234854,-0.991580174
-0.1763415,-0.9471636,-0.594283558,-2.092806808,-0.75364535,-0.184999207
2.1148539,0.4629153,0.792317688,1.451425797,1.744735234,1.549898686
-5.3677601,-1.1993089,-0.199266194,0.681768796,2.436109056,-1.048983548
-1.3142502,-2.5648643,-2.976738477,-1.112006446,-2.475714682,-2.531481745
0.16203,-0.4191115,-0.494686698,-1.476659257,-1.611141453,-1.898123461
4.0876997,2.8604757,0.927666656,0.497327199,0.240884704,1.03650871
0.326938,5.9370299,3.886914481,4.143470433,5.687669965,3.556199105
-2.5461151,-1.0157954,-1.130104463,-0.935630796,-2.029363415,-1.466026153
2.7353994,-0.6708928,-1.876125986,-1.984724613,-2.62199161,-1.485512386
-4.0965625,-9.6118035,-10.31062822,-9.937752804,-11.69818678,-10.05057183
-4.8149507,-0.7487797,1.867355337,-0.282581393,-1.075268817,-0.307585569
-0.5474167,-2.2966153,3.580352156,-1.529241087,-2.01275691,-3.983656793
-1.8740834,-0.1202423,-1.018359568,-0.942351639,0.198835393,-1.563951519
-3.7472302,1.2644593,6.155794416,2.638069446,2.023763524,4.646827394
-0.3296443,-3.1566057,-3.219442202,-1.01247038,-6.065967969,-3.298015882
-0.0923459,-2.4855159,-1.443596618,-1.315665155,-1.263271066,-1.858243786
1.0078831,-1.3567752,-1.930022247,-1.06099556,0.803793181,-2.286659737
-1.4432268,-3.474123,-2.432767661,-4.832862576,-3.562252319,-4.997682526
3.100073,1.0510638,-0.045083122,-1.537282383,-1.724728238,-6.709655587
8.210425,5.7558166,4.854196827,5.988162934,2.603960831,12.29047921
1.139201,-0.3542601,-2.794371051,-0.83091654,3.910385107,-1.876708924
2.1453754,0.9780837,4.263983711,0.080624726,-1.172438672,-2.227802981
1.9676833,1.512296,1.157084873,-2.176803299,-1.233688149,-1.555147938
3.5544554,-0.2933223,-1.735273983,0.04959982,-0.817210001,0.435535709
4.0915181,2.494363,3.525097834,3.592031203,1.474741136,8.074446789
-1.3461578,-0.7321054,3.126886777,-2.291138952,-1.553329509,0.458730556
0.3765883,1.1508891,0.68469045,1.186875101,-0.215763981,1.320571844
-4.239516,-4.8001796,-3.632103105,-8.73706615,-4.253973608,-5.321334348
-1.9528368,1.8522753,0.10803136,1.004661459,1.207543949,1.52987761
2.2796099,-2.4101763,3.989728775,0.006385968,-3.883853504,-2.010582011
2.5962012,3.2393328,1.126330823,1.208608915,-1.339321842,-0.894509562
-4.5070909,-0.463239,-2.240274164,8.620972082,-8.194650817,2.044884641
-3.623812,-4.1499978,-2.854500617,-3.033809848,-10.22776536,-5.258397034
-0.7120675,-0.5639098,-2.215523738,1.431596391,0.66467488,-0.757628072
-2.4364445,-2.1138211,-3.008420068,-2.49551167,-2.647145332,-3.797095948
3.6919988,3.5537044,8.553111809,7.404550713,9.091233199,4.20601877
-0.2660585,-1.1995447,-2.300703854,-1.873226112,7.715053763,-2.711309953
8.048199,4.2394925,4.660068149,2.858533025,9.274024339,10.13563633
-9.400608,-6.5184932,-2.791798107,-5.6229049,-6.870408004,2.754790941
-0.4085063,-0.4332498,-2.43151739,-1.383448432,-0.517087205,-2.680936738
-3.3540926,-12.68081,-5.905181152,-7.385660662,-12.10101839,-7.334125433
-2.9639612,-1.9706225,-2.075947931,-1.097146176,-0.742851328,-3.108290678
-0.6985709,-1.1820501,-2.413306396,-0.810532812,-0.496152288,-1.422769946
-1.9006572,-3.7386733,-7.258540592,-7.738151726,-7.545403482,-1.541203413
-7.7871848,-7.8614448,-7.732202908,-10.8933162,-6.913379423,-9.881330826
2.8302108,-1.2989872,-1.149425287,-1.720326446,-1.533093072,-3.016851756
3.5727318,1.5296184,1.998567335,0.670994947,-1.231708006,-0.740218541
7.0084862,1.2054812,1.301340042,-0.739116714,-0.115691752,3.7337433
-1.0780931,4.5125988,-0.894162771,1.037104164,7.746800036,-1.005289699
2.3581507,0.8344402,1.893014167,1.573313333,2.016066499,0.544255949
-4.7388684,-2.6362913,-2.755344418,-2.973670283,-1.782123926,-4.464673763
0.1357716,-0.0265217,-0.064091913,-0.72896828,-0.054804531,2.829353117
9.230558,1.5622896,-0.484267221,-0.678364099,-0.312623304,-0.620180078
-2.9410458,-1.980198,0.493780268,1.056309016,-1.624316981,-2.403751428
-7.5932114,-6.2529006,-6.117809624,-5.074538145,-5.568713698,-7.376450836
-1.9608948,-0.2838367,0.888159374,0.057912036,-0.182938842,0.297987304
-0.3121539,3.6552606,0.629016201,1.836207721,4.817393357,12.06626353
-7.1539264,-9.5798514,-10.60137144,-8.34477721,-9.780959732,-8.376247002
-3.645422,-5.223492,-4.778689472,-30.78867543,-5.751768424,-3.686889531
17.7109829,14.5687463,6.950395517,35.50915269,-1.558140109,-0.192949746
6.4735838,1.5366468,1.196581197,0.36027612,2.7425411,0.525226109
-2.1731668,-2.2195206,-4.136690647,-4.817873644,1.571921868,-3.811753197
1.7992025,2.1624204,-4.28462127,0.686592341,3.034808698,-1.642611684
9.5853421,6.1815231,18.83168542,6.637248978,11.61391655,3.428421135
6.264673,8.2509701,5.326789562,3.296655441,0.677268252,2.883701201
3.1070134,1.2565329,-0.677683985,-1.030098412,-0.457366874,-1.927959719
-0.4391555,-1.2698529,-2.444965088,-2.548127406,-0.947253846,2.391198978
-1.080726,-0.3210039,-1.415568972,-0.934825726,0.120758718,-0.445984676
1.1369481,-3.0450928,-0.250923856,0.370303342,1.12587121,-0.890547444
5.3665587,4.101469,3.174939396,3.617742517,2.415959978,-0.820714784
1.9734494,1.0416279,1.015168085,5.914077062,0.183362875,5.017396358
4.5653195,2.4155142,-0.633120718,-0.768636012,-2.873256159,-2.807241465
1.3173784,0.3057286,6.162064555,2.404831398,0.465199499,-4.402401055
2.3432038,5.6100416,0.699565613,-0.469744731,6.133687809,3.178473493
-0.0299521,0.3158023,-0.502563072,-0.106506136,-0.044289782,6.487352744
0.9486614,1.0762809,0.637264819,0.35006738,-2.148340763,9.356621674
-1.3288747,-2.4549918,-1.980517066,-3.328741278,-5.863154214,-0.391097086
-0.6790626,-1.0311315,-1.258046357,-1.44187488,-0.290562529,-1.175260639
3.0274506,1.248,1.462699911,5.010383411,0.755313543,8.236529795
-0.2993025,0.7089913,-2.304818283,-0.922812351,-4.583926925,6.044076348
-2.8713615,-1.2844474,1.634816915,-5.324901875,-1.042127377,-1.39952692
-7.0613287,-6.7835564,-9.146915184,-10.98487299,-8.47080255,-8.105543719
-0.8265495,-1.0526702,-0.54586369,-3.109366968,-3.34067009,-0.112008134
2.2273033,-0.8365462,0.095896521,-7.473231169,4.353817885,-0.013783716
0.4312958,2.3222925,0.900090009,-0.358335934,18.57769708,1.209325847
-5.1636653,-6.6981492,-7.568793028,2.128488454,-7.449936984,-4.335641004
3.414807,5.2133567,3.422388573,3.153997905,2.462191867,1.567265334
-0.5333121,-0.6064127,4.759329367,0.280871434,-5.522719879,-0.045726286
-1.2209642,-1.3186656,-2.737534247,-0.180408601,0.866901851,-2.872840024
2.1127245,3.84,4.988839543,18.30124739,14.7487997,8.609277439
7.7687544,4.6126898,4.986350349,6.108365339,10.51883193,7.028882282
-0.4185079,1.054205,-1.510897497,-0.624961985,1.948166743,2.122570126
2.3302389,2.7982208,3.359401899,8.137794952,3.771784994,14.54661358
-0.7488436,-4.7747401,-3.710720121,-4.004609168,-6.036682066,-2.734689438
-0.7174064,-0.7225047,-4.831767066,-0.247209057,-2.638292159,-0.286352691
-1.221127,0.7355206,5.444132883,-1.705591927,5.049365303,-2.587618736
-1.1752732,-1.2811253,-2.107564902,-1.50612052,-1.698440208,-1.473068355
10.6576389,6.1370239,15.05500094,7.965898056,3.945235093,6.39891007
-5.8745583,-7.4533234,-9.130043534,-7.498020827,-4.26669426,-7.252853371
-4.4529922,-3.8489157,-8.102007063,-4.642722337,-12.84271284,-8.636888392
0.8267176,11.5061254,9.928502985,5.359601089,5.192587439,2.608972013
-1.1845409,13.5260431,-0.259759355,5.371907487,14.51022995,10.73028196
3.2959805,6.7540029,1.431731749,8.139433551,8.724752943,1.351030025
7.1739217,1.562115,6.753170939,-0.147928994,-0.878083047,-1.366679459
1.9677778,-0.874365,-1.477085566,-0.730784514,-3.484123696,-1.515008347
14.0290106,16.4637615,29.64682755,17.14597964,11.90777272,20.35558139
4.1991621,1.4427516,0.569247026,-1.051345723,-3.368498228,3.364593401
3.2389001,0.3474635,1.610556941,1.16283781,-2.937455523,1.416025327
-0.1412007,-4.8018083,-3.58645562,-2.230232927,3.646943124,-3.688252705
3.7646085,2.491807,1.097194558,1.182412121,1.03920838,2.565981445
-0.6303313,7.0983359,-1.558657361,-0.440950538,3.496593392,-2.041888843
-1.0340385,-3.3851731,-3.859671545,-3.457641484,-4.886697098,-5.250245934
0.941104,0.7302709,5.394665948,0.925385901,2.416830154,2.887739291
5.6664497,4.2485265,6.087453558,6.857510854,1.49120949,7.623824957
2.4924485,-0.5009163,0.755885105,-0.787320431,-0.894281636,-1.127554616
1.1186898,0.7012795,3.846297611,0.351610168,0.117696511,0.81502433
0.2573785,2.1362151,4.44270935,1.592738123,1.697088873,6.063923565
-0.1800281,-0.6987771,-4.45016413,-0.738346021,-1.023905225,-3.123880885
0.2707734,-1.0311825,-0.152705874,-0.780182939,-0.709964712,-1.740472066
-2.764522,0.0803362,-4.097013859,-2.474368289,-1.762205439,-2.817308957
-1.0654463,-2.4063687,-0.9762309,2.23460229,-3.990015057,2.446977659
-1.0984686,-2.7678414,-2.527150491,-5.748624103,4.813322812,-0.68915682
-0.0858001,-3.0638927,-5.843207272,-4.117175409,-4.16318408,-5.329634134
4.1748911,2.0891365,4.593915524,1.60856385,-0.601337184,1.887084699
1.1680042,-0.6342982,-2.405726026,-3.05813206,-3.260744766,-4.881522406
-0.3529191,-1.8618075,-2.09576953,-0.823360111,-0.834946298,-1.306223342
0.8443132,1.9030044,-0.448922908,0.270324572,-1.384782365,-0.548305075
-0.20215,-0.9198949,-1.086157876,-1.208971652,-1.289345352,0.07959767
1.1890879,4.6707733,-2.135309198,-0.079332167,0.958561784,1.930003565
0.6251924,0.3420547,-1.372143936,0.666110062,0.033579584,0.118152392
0.5882353,-1.1800984,-2.732289605,-1.661698824,-2.43174372,-3.615701254
0.2813622,0.2675705,15.23467201,0.826014973,1.816160119,1.210214789
1.1799584,1.7607551,1.465843737,2.995255042,0.82965842,2.813163482
0.253912,-0.4877168,-0.724133129,-0.613429124,-0.649760517,0.930667165
-4.8060708,-6.50228,-5.863074755,-7.111445732,-10.28613304,-9.19529827
-1.2416499,-3.1936345,-2.192518511,-2.064585323,-2.377081165,-2.38534339
3.0156884,2.3711225,1.53290373,6.393638455,-0.424181589,1.977544286
-1.0319586,-3.3954942,-6.516976999,-0.544384154,-2.067543999,-5.161807113
1.5537887,5.7991675,0.63994611,2.814949863,6.898305085,-1.884143019
0.4058941,1.6460905,-1.31741955,-3.21669931,8.074443142,-1.882602124
3.3602418,3.1014701,10.33137752,5.642545577,-0.684034347,8.623154415
-0.2597918,1.8316802,-6.00401103,0.764477169,2.763133296,-0.077002913
-4.4691573,-7.310057,-7.659365144,-9.833178085,-8.548469824,-8.366057185
7.7312434,7.175674,40.46660976,16.29441424,8.338890124,24.96549609
17.8043327,15.4522613,44.90252665,19.97164461,8.040824495,28.16850657
0.9024964,0.4134838,0.449624327,-0.376647834,5.980911983,0.091806289
-0.391484,-2.1666095,-1.520624563,-1.766719082,-0.033922741,-1.164995058
0.3638039,1.6163868,-1.785305562,-1.592936465,-1.185787312,-0.093889114
2.014004,2.2803392,1.990078786,1.7999861,2.201096266,0.147526101
-0.0395716,0.1784694,-1.050990356,-0.373883542,-0.532436001,-0.381136951
2.3438884,3.7706497,7.826899128,15.47317645,3.250065969,4.165264787
-1.2448444,-1.5031011,-2.790387991,2.256438207,-2.683500963,-5.884960656
-0.129815,-0.3490148,-0.613607652,0.079092347,-4.182899323,3.467990302
-0.3110846,-0.5567607,-1.92920354,-1.039108256,-0.040992007,-1.026314509
0.3120553,0.6257276,6.523378582,1.623741737,7.485900599,3.311557789
-1.4345472,-1.6459138,-0.30075188,-1.999838723,-0.64352318,-1.683080267
0.345679,-0.00715564,-0.262467192,-0.388240334,0.074476474,0.024708847
0.4987717,0.1792115,-0.989976488,-0.187075739,-0.030657382,1.121031416
-0.0595194,-1.6705435,-2.732306211,-1.326441813,-1.577654209,-4.054593981
0.5611252,0.4958561,5.565438374,-0.189508594,0.237642586,1.844135551
-1.0072582,-1.9312261,-2.114427861,-1.101103707,-1.451990632,-0.871276905
2.9194298,4.5540383,10.00889375,3.343824819,1.767994107,4.814733389
0.5364396,2.121347,8.410591115,2.289425167,1.046501445,2.23908984
0.5135184,0.7322176,4.454601797,-0.465613103,1.896220943,1.644991213
-0.138458,-0.8078263,-0.285824643,-1.086367577,-0.717607973,-0.245441795
-0.8995045,-0.9542685,-1.693499392,-0.949927548,-1.928841392,-0.689463055
-0.2281658,-1.1034483,-1.532939505,-0.85665638,-0.354962989,-1.142857143
-0.4919273,-0.5917587,-1.806300022,-1.576328882,0.943849683,-2.377551878
0.8908119,-0.6310506,3.11955781,0.674856329,-0.534596662,3.380291476
0.5527973,-0.3786255,-0.855791607,-2.525888429,-2.081116738,-2.341006633
0.5170684,-6.3616295,0.120255543,0.633533306,-1.23160992,4.308666879
0.3640401,5.9386294,-0.097612254,2.109682359,-0.460251046,4.458245536
1.1702017,7.2508931,2.077105848,6.940561909,3.881427392,12.12152612
-0.2137309,-21.8798242,-0.843593251,-1.405902004,0.139281828,-1.755064644
-0.1717319,23.5112936,-0.182066454,1.793861762,-2.549202579,-0.645304851
-0.3267804,-1.2313487,-0.90956927,-3.829172572,-0.703365202,0.928969558
-0.7183871,-0.3608545,0.030077449,1.24165333,-1.346241742,5.240653202
1.2329267,-13.1829574,-0.426774483,2.162085976,-0.492020177,1.909433301
-0.2366402,15.1016876,-2.787684693,-0.409870582,-1.10806722,-0.962873005
-0.651045,-2.0555202,-0.492503802,-4.004635244,-0.265068102,-1.736740043
-7.7130323,-14.6088425,-12.19713831,-16.49526296,-10.30068037,-12.1315957
1.001782,4.0675413,1.997794642,4.06547856,7.944404959,3.110338836
4.2554794,7.0415911,6.426894933,9.604969327,1.283743251,3.843377842
-0.7079646,-0.4814443,-1.609726279,-0.817209776,-0.974218843,-3.609940865
0.7003715,0.0602168,-0.432812606,-0.119510769,-0.331557134,-0.846937993
-0.2553959,-0.2536038,-1.975472324,3.519347197,-2.305942236,6.508296088
2.3080667,1.4901111,1.808733212,8.844511933,3.715405535,0.362541477
5.794195,9.1446736,18.66890918,19.8715527,4.270225188,8.536748033
1.3179934,8.6506024,1.81847835,0.939471677,0.477666974,1.509714982
-0.1754242,0.4032258,-0.776761874,0.884831952,-0.864002658,-0.02932816
0.6566423,-0.3695967,-0.177691624,-1.021185267,-1.214608125,4.370143631
-1.0645558,-1.3553143,-2.203791469,-3.616708928,-3.466032878,-4.865373415
0.1941801,1.7582063,2.843216897,-0.309329785,1.814882033,0.310084487
-0.6709951,-0.8476609,-2.96389721,5.620937994,-4.956301748,-5.116834385
0.0135847,-0.3267974,-1.299307555,-0.364030943,-0.768352986,-0.822531876
0.1442059,3.608886,-1.130769231,1.125623872,-4.71185212,2.474485927
-1.2308188,-1.2155327,-1.298306886,1.069690899,1.110418881,3.345500146
8.7468584,15.5107426,12.35178709,17.8166491,4.363956246,32.43868442
-1.6158712,-1.4395839,-4.325471313,-1.104626928,-2.093240966,-2.334540188
